Codon	Frequency
UUU	0.0176
UUC	0.0203
UUA	0.0073
UUG	0.0129
UCU	0.0152
UCC	0.0177
UCA	0.0122
UCG	0.0044
UAU	0.0122
UAC	0.0153
UAA	0.0010
UAG	0.0008
UGU	0.0106
UGC	0.0126
UGA	0.0016
UGG	0.0132
CUU	0.0132
CUC	0.0196
CUA	0.0072
CUG	0.0396
CCU	0.0175
CCC	0.0198
CCA	0.0184
CCG	0.0069
CAU	0.0109
CAC	0.0151
CAA	0.0151
CAG	0.0342
CGU	0.0045
CGC	0.0104
CGA	0.0062
CGG	0.0114
AUU	0.0160
AUC	0.0208
AUA	0.0072
AUG	0.0227
ACU	0.0131
ACC	0.0189
ACA	0.0151
ACG	0.0061
AAU	0.0170
AAC	0.0191
AAA	0.0178
AAG	0.0244
AGU	0.0121
AGC	0.0195
AGA	0.0120
AGG	0.0128
GUU	0.0110
GUC	0.0145
GUA	0.0071
GUG	0.0281
GCU	0.0184
GCC	0.0277
GCA	0.0158
GCG	0.0074
GAU	0.0218
GAC	0.0251
GAA	0.0290
GAG	0.0396
GGU	0.0108
GGC	0.0222
GGA	0.0165
GGG	0.0165
